movie name,movie year,movie rating,movie note,movie imdbID,poster
Silenced,2011,8.0,,tt2070649,https://m.media-amazon.com/images/M/MV5BMTUyNTc3NTg3M15BMl5BanBnXkFtZTgwMzc1MTAzMjE@._V1_SX300.jpg
The Last Princess,2016,7.1,,tt5947416,https://m.media-amazon.com/images/M/MV5BY2ExMGVkY2EtYzVjMi00MzczLWEyZmEtNzliNDczNGY1YzFlXkEyXkFqcGc@._V1_SX300.jpg
Pandora,2016,9.0,my favorite movie,tt6302160,https://m.media-amazon.com/images/M/MV5BZjRkMjAxMjgtZTUwMC00MDI0LWI3YTYtYzVjZDFkMWQ1YTkyXkEyXkFqcGc@._V1_SX300.jpg
Back in Action,1994,5.4,,tt0109195,https://m.media-amazon.com/images/M/MV5BOTY1YzY4Y2QtOGVhOS00NWEyLWFjYTctMTkzYjFlYWI3NDUwXkEyXkFqcGdeQXVyMjAxMjEzNzU@._V1_SX300.jpg
Aloha,2015,5.4,,tt1243974,https://m.media-amazon.com/images/M/MV5BMTg4Mjc0NTE1NV5BMl5BanBnXkFtZTgwNzcwNTQ3NTE@._V1_SX300.jpg
Minions,2015,6.4,,tt2293640,https://m.media-amazon.com/images/M/MV5BODI4NzMyNjE0MF5BMl5BanBnXkFtZTgwMTcwNzI0MzE@._V1_SX300.jpg
Room,2015,8.1,,tt3170832,https://m.media-amazon.com/images/M/MV5BMjE4NzgzNzEwMl5BMl5BanBnXkFtZTgwMTMzMDE0NjE@._V1_SX300.jpg
Jurassic World,2015,6.9,,tt0369610,https://m.media-amazon.com/images/M/MV5BNzBhNzlkM2UtZTQyOC00NjUyLTkzMmMtNDQ1YTM5N2NmMGE5XkEyXkFqcGc@._V1_SX300.jpg
The Walk,2015,7.3,,tt3488710,https://m.media-amazon.com/images/M/MV5BNTY4MzA4Mzc5Nl5BMl5BanBnXkFtZTgwNDIzMzk5NjE@._V1_SX300.jpg
San Andreas,2015,6.1,,tt2126355,https://m.media-amazon.com/images/M/MV5BYmQzNDEzMzMtM2U5OS00YTUzLWI2NDYtYjI2NjAyNWE5YzMzXkEyXkFqcGc@._V1_SX300.jpg
Martian,2015,5.0,,tt6221620,https://m.media-amazon.com/images/M/MV5BMTU3NDQyODgyMF5BMl5BanBnXkFtZTgwNTgwODU2MDI@._V1_SX300.jpg
Cinderela,2011,4.6,,tt1814662,https://m.media-amazon.com/images/M/MV5BMTQ2MTgxNTI3Ml5BMl5BanBnXkFtZTcwMTY0MDE0NA@@._V1_SX300.jpg
The Avengers,2012,8.0,,tt0848228,https://m.media-amazon.com/images/M/MV5BNGE0YTVjNzUtNzJjOS00NGNlLTgxMzctZTY4YTE1Y2Y1ZTU4XkEyXkFqcGc@._V1_SX300.jpg
Me Before You,2016,7.4,,tt2674426,https://m.media-amazon.com/images/M/MV5BMTQ2NjE4NDE2NV5BMl5BanBnXkFtZTgwOTcwNDE5NzE@._V1_SX300.jpg
La La Land,2016,8.0,,tt3783958,https://m.media-amazon.com/images/M/MV5BMzUzNDM2NzM2MV5BMl5BanBnXkFtZTgwNTM3NTg4OTE@._V1_SX300.jpg
Arrival,2016,7.9,,tt2543164,https://m.media-amazon.com/images/M/MV5BMTExMzU0ODcxNDheQTJeQWpwZ15BbWU4MDE1OTI4MzAy._V1_SX300.jpg
The Choice,2016,6.5,,tt3797868,https://m.media-amazon.com/images/M/MV5BMTYzMDA2ODcxMV5BMl5BanBnXkFtZTgwODMzOTMzNzE@._V1_SX300.jpg
Hidden Figures,2016,7.8,,tt4846340,https://m.media-amazon.com/images/M/MV5BY2RhNDRhNzctZTllMy00NTc2LWJjZmUtMzg3MTNiNjhhODMxXkEyXkFqcGc@._V1_SX300.jpg
The Legend of Tarzan,2016,6.2,,tt0918940,https://m.media-amazon.com/images/M/MV5BMzY3OTI0OTcyMF5BMl5BanBnXkFtZTgwNjkxNTAwOTE@._V1_SX300.jpg
Fallen,1998,7.0,,tt0119099,https://m.media-amazon.com/images/M/MV5BNWQ5Zjg2ZjMtYThjMC00YmU5LWIxNGYtM2Y3MTg5OGRiNDkwXkEyXkFqcGc@._V1_SX300.jpg
